INSERT INTO `qipin`.`id_counter` VALUES ('order_id_counter', '0');
INSERT INTO `qipin`.`id_counter` VALUES ('request_id_counter', '0');
INSERT INTO `user` (`phone_number`, `password`, `gender`, `age`, `name`, `nationality`, `city`, `job`, `photo`) VALUES
('18801731111', '123', 0, 25, 'nike', NULL, NULL, 'er', NULL),
('18801732222', '123', 0, 2, 'nik', NULL, NULL, 'ed', NULL),
('18801735863', '123', 0, 21, 'qwe', NULL, NULL, NULL, 'http://10.171.5.228:9000/target/resources/images/default.png'),
('18801735864', '123', 1, 32, 'gfrh', NULL, NULL, NULL, 'http://10.171.5.228:9000/target/resources/images/default.png'),
('18801735865', '123', 1, 42, '3gqer', NULL, NULL, NULL, 'http://10.171.5.228:9000/target/resources/images/default.png'),
('18817361981', '123', 1, 20, 'asd', NULL, NULL, '呵呵', 'http://10.171.5.228:9000/target/resources/images/18817361981.png'),
('18817361982', '123', 1, 22, 'ddgr', NULL, NULL, NULL, 'http://10.171.5.228:9000/target/resources/images/default.png'),
('18817361983', '123', 0, 12, 'jghd', NULL, NULL, NULL, 'http://10.171.5.228:9000/target/resources/images/default.png'),
('18817361985', '123', 1, 3, '呵呵', NULL, NULL, 'js', NULL);

INSERT INTO `orders` (`order_id`, `request_id1`, `request_id2`, `user_id1`, `user_id2`, `order_time`, `save_percent`, `route`, `route_names`) VALUES
('Ot007477180239417116169', 'R005244864832449526760', 'R007477180239417116169', '18801731111', '18817361981', '2015-08-22 14:33:49', 0.2851038478131356, '31.30454255438425,121.508308085001,31.296683,121.497234,31.200547,121.326997,31.200005,121.352615', '复旦大学(邯郸校区),大柏树,上海虹桥站,上海虹桥机场'),
('Ot008018745735115419800', 'R001135913194976225383', 'R008018745735115419800', '18817361981', '18801731111', '2015-08-22 12:35:48', 0.4816859196873992, '31.30455011958288,121.5082699583299,31.296683,121.497234,31.200547,121.326997,31.200547,121.326997', '复旦大学(邯郸校区),大柏树,上海虹桥站,上海虹桥站');

INSERT INTO `rating` (`user_id`, `order_id`, `commentor_id`, `rating`, `comment`, `rating_time`) VALUES
('18801731111', 'Ot007477180239417116169', '18817361981', 5, NULL, '2015-08-22 14:34:25'),
('18801731111', 'Ot008018745735115419800', '18817361981', 5, NULL, '2015-08-22 14:35:09'),
('18817361981', 'Ot007477180239417116169', '18801731111', 5, NULL, '2015-08-22 14:34:30'),
('18817361981', 'Ot008018745735115419800', '18801731111', 5, NULL, '2015-08-22 14:34:46');

INSERT INTO `request` (`request_id`, `user_id`, `user_gender`, `user_age`, `state`, `source_X`, `source_Y`, `source_name`, `destination_X`, `destination_Y`, `destination_name`, `leaving_time`, `exp_gender`, `exp_age_min`, `exp_age_max`, `request_time`, `remain_chance`) VALUES
('Rt001135913194976225383', '18817361981', 1, 20, 3, 31.30455011958288, 121.5082699583299, '复旦大学(邯郸校区)', 31.200547, 121.326997, '上海虹桥站', '2015-08-22 12:35:00', 2, 0, 100, '2015-08-22 12:35:35', 2),
('Rt005244864832449526760', '18801731111', 0, 2, 3, 31.296683, 121.497234, '大柏树', 31.200005, 121.352615, '上海虹桥机场', '2015-08-22 14:32:31', 2, 0, 100, '2015-08-22 14:33:15', 2),
('Rt007477180239417116169', '18817361981', 1, 20, 3, 31.30454255438425, 121.508308085001, '复旦大学(邯郸校区)', 31.200547, 121.326997, '上海虹桥站', '2015-08-22 14:32:10', 2, 0, 100, '2015-08-22 14:32:50', 2),
('Rt008018745735115419800', '18801731111', 0, 2, 3, 31.296683, 121.497234, '大柏树', 31.200547, 121.326997, '上海虹桥站', '2015-08-22 12:34:44', 2, 0, 100, '2015-08-22 12:35:27', 2);


